"","alppha","betta","rho_a","rho_nu","rho_z","siggma","varphi","phi_pi","phi_y","epsilon","theta","eta"
"1",0.25,0.99,0.9,0.5,0.5,1,5,1.5,0.125,9,0.75,3.77
"2",0.720703125,0.845703125,0.314453125,0.826171875,0.189453125,0.845703125,2.275390625,1.416015625,0.865234375,9.82421875,0.521484375,3.77
